method,dataset,auc_mean,auc_std,auc_count,ap_mean,ap_std,ap_count,precision_at_budget_mean,precision_at_budget_std,precision_at_budget_count,recall_at_budget_mean,recall_at_budget_std,recall_at_budget_count,tpr_at_fpr_mean,tpr_at_fpr_std,tpr_at_fpr_count,f1_mean,f1_std,f1_count,mcc_mean,mcc_std,mcc_count
DeepTraLog,TraceLog,0.6471626782003536,0.01633964664607662,3,0.5416232561634101,0.04299863847429846,3,0.6666666666666666,0.5773502691896258,3,0.0192817546396722,0.01669848934749459,3,0.06941431670281993,0.06734999868225604,3,0.1227741553966414,0.1171365476533566,3,0.12098319917253353,0.16660349081535314,3
GLocalKD,TraceLog,0.6794943844284175,0.005966395409022887,3,0.631848308220288,0.0057360790162146015,3,1.0,0.0,3,0.0289226319595083,0.0,3,0.29115449505905033,0.008924323249734162,3,0.4388363055033507,0.015201057234398007,3,0.4089128412083822,0.027810188517910388,3
HGT,TraceLog,0.6582973941725373,0.05821646877289368,3,0.5531998604453313,0.06615322653602622,3,0.5833333333333334,0.3642915499065732,3,0.01687153530971317,0.010536270423906672,3,0.1340081947457218,0.11270861830022078,3,0.22771134392254136,0.11953870396828704,3,0.25572975467748815,0.10143029660788944,3
HRA-GNN,TraceLog,0.8149660253015009,0.012284618955066917,3,0.7496855278027933,0.022492523814894708,3,1.0,0.0,3,0.0289226319595083,0.0,3,0.296939021450952,0.06753733897926689,3,0.4482074256520117,0.07903637066274383,3,0.4341379813828883,0.06633182097597694,3
HRGCN,TraceLog,0.7381082108353404,0.04405176346881695,3,0.6960776327098301,0.03214679017295905,3,1.0,0.0,3,0.0289226319595083,0.0,3,0.33646661846228004,0.005129861810988863,3,0.47945559419868494,0.03182460033476911,3,0.4657691572694156,0.027673696208788227,3
OCHetGCN,TraceLog,0.706196427994168,0.06029278356830358,3,0.6015316902222008,0.055054100880289496,3,0.6916666666666668,0.28975564417856187,3,0.020004820438659903,0.008380495854766799,3,0.10147023379127497,0.1301525133214349,3,0.2167112438754141,0.16617021113817496,3,0.22960122650869894,0.16736885112628383,3
